brand,name,sku,uom,hsn,parent_group
Accessories,Condensing Unit Stand (Metal),,no.,73012090,Stand
Accessories,Microtek Digi Stab 4090,,no.,,Microtek
Accessories,Microtek Digi Stab 4130,,no.,,Microtek
Accessories,Microtek Digi Stab 4140,,no.,,Microtek
Accessories,Microtek Digi Stab 4150,,no.,,Microtek
Accessories,Microtek Digi Stab 5130,,no.,,Microtek
Accessories,Microtek Stabilizer 4160,,no.,,Microtek
Accessories,Microtek Stabilizer 5170,,no.,,Microtek
Accessories,Microtek Stablizer 4170,,no.,,Microtek
Accessories,Microtek Stablizer 5150,,no.,,Microtek
Accessories,V Guard Stabilizer VWR 400,,no.,,Voltas Stablizer
Accessories,Voltas Stabilizer VA4130 (130-300V),,no.,,Stablizer
Accessories,Voltas Stabilizer VA4150 (150-280V),,no.,,Stablizer
Accessories,Voltas Stabilizer VA5130 (130-300V),,no.,,Stablizer
Accessories,Voltas Stabilizer VN4170 L(170V-270V),,no.,,Stablizer
Accessories,Whirlpool Stablizer WPLC0940 1.5T 90V,,no.,,Stablizer
Accessories,Whirlpool Stablizer WPLMSE1340 1.5T 130V,,no.,,Stablizer
Accessories,Whirlpool Stablizer WPLMSE1350 2T 130V,,no.,,Stablizer
Accessories,Whirlpool Stablizer WPLMSE1540 1.5T 150V,,no.,,Stablizer
Accessories,Whirlpool Stablizer WPLMSE1550 2T 150V,,no.,,Stablizer
Accessories,Whirlpool Stablizer WPLMSE1740 1.5T 170V,,no.,,Stablizer
Connecting Kit Set,Copper Pipe,,mtr,74111000,Connecting Kit Set
Miscellaneous Items,Gen A.C.1.0T Win ASGB12BAWA-B 4S,,no.,84151090,Miscellaneous Items
Miscellaneous Items,Gen Ductable 2.0T AOG25FNAKL OD,,no.,84158390,Miscellaneous Items
Miscellaneous Items,Gen Ductable 2.0T ARG25FUAN ID,,no.,84158390,Miscellaneous Items
Miscellaneous Items,Havells Water Prufier Albus,,no.,84212190,Miscellaneous Items
Miscellaneous Items,Installation Services,,Not Applicable,995463,Miscellaneous Items
Miscellaneous Items,Kenstar Gyser 25L,,no.,85161000,Miscellaneous Items
Miscellaneous Items,Kenstar Gyser Emeta 15L,,no.,85161000,Miscellaneous Items
Miscellaneous Items,Kenstar Induction Infra Stove (All Bartan),,no.,85166000,Miscellaneous Items
Miscellaneous Items,Kenstar Popup Toaster,,no.,85167200,Miscellaneous Items
Miscellaneous Items,ODU Joint (18HP+18HP),,no.,84159000,Miscellaneous Items
Miscellaneous Items,Orient MG Elite Super 3jar 500 Wt,,no.,,Mixer
Miscellaneous Items,Sunflame Electric Kettle SF-193,,no.,85167100,Miscellaneous Items
Miscellaneous Items,"TCL LED TV 32""",,no.,852872,Miscellaneous Items
Miscellaneous Items,"TCL LED TV 40""",,no.,85287217,Miscellaneous Items
Miscellaneous Items,Usha Electric Iron 4175 - M 750w,,no.,85164000,Miscellaneous Items
Miscellaneous Items,W/P SAC 0.8T Magicool S3HAJ0 INV CNV 3S 41364,,no.,84151010,Miscellaneous Items
Miscellaneous Items,Y-Joint,,no.,84159000,Miscellaneous Items
Refrigerator,Bluestar Ref Mini Bar MR60-GB,,no.,,Refrigerator
Refrigerator,Kelvinator Ref 45L KRC-B060SGP,,no.,,Refrigerator
Refrigerator,W/P Ref 200 Gen Cl Pl 1S Sap Adora 72281,,no.,,Refrigerator
Refrigerator,W/P Ref 200 Gen Cl Pl 2S Wine Adora 71799,,no.,,Refrigerator
Refrigerator,W/P Ref 200 Gen CLS Pl,,no.,,Refrigerator
Refrigerator,W/P Ref 200 IMPC Pr 1S Pur Gloria 72494,,no.,,Refrigerator
Refrigerator,W/P Ref 200 IMPC Pr 1S Sap Gloria 72476,,no.,,Refrigerator
Refrigerator,W/P Ref 200 IMPC Pr 1S Wine Gloria 72477,,no.,,Refrigerator
Refrigerator,W/P Ref 205 IMPC Pr 1S Sap Gloria 72865,,no.,,Refrigerator
Refrigerator,W/P Ref 205 IMPC Pr 1S Wine Gloria 72864,,no.,,Refrigerator
Refrigerator,W/P Ref 205 IMPC Pr 1S Wine Linnea 72861,,no.,,Refrigerator
Refrigerator,W/P Ref 205 IMPC Pr 2S Titan Steel,,no.,,Refrigerator
Refrigerator,W/P Ref 215 IMPC Pr 3S Pur Flower Rain 72537,,no.,,Refrigerator
Refrigerator,W/P Ref 215 IMPC Pr 3S Pur Mulia 72758,,no.,,Refrigerator
Refrigerator,W/P Ref 215 IMPC Pr 3S Sap F;Ower Rain 72536,,no.,,Refrigerator
Refrigerator,W/P Ref 215 IMPC Pr 3S Wine Flower Rain 72535,,no.,,Refrigerator
Refrigerator,W/P Ref 215 IMPC Roy 2S Sap Bloom 72532,,no.,,Refrigerator
Refrigerator,W/P Ref 215 IMPC Roy 2S Wine Abyss 73057,,no.,,Refrigerator
Refrigerator,W/P Ref 215 IMPRO Pr 3S Sap Peony 72883,,no.,,Refrigerator
Refrigerator,W/P Ref 215 IMPRO Pr 3S Wine Mulia 72819,,no.,,Refrigerator
Refrigerator,W/P Ref 230 IMPRO Pr 3S Sap Mulia 72613,,no.,,Refrigerator
Refrigerator,W/P Ref 230 IMPRO Pr 3S Wine Mulia 72612,,no.,,Refrigerator
Refrigerator,W/P Ref 260 IMPRO Pl Roy 4S Sap Mulia 73048,,no.,,Refrigerator
Refrigerator,W/P Ref 305 IMPRO Pl Pr 3S Wine Palm 72846,,no.,,Refrigerator
Refrigerator,W/P Ref IF INV Elt 278GD Crystal Black 2S 21671,,no.,84181090,Refrigerator
Refrigerator,W/P Ref IF INV Elt 278GD Galaxy 2S 21771,,no.,84181090,Refrigerator
Refrigerator,W/P Ref IF INV Elt 278LH Sap Peony (2S) 21745,,no.,84181090,Refrigerator
Refrigerator,W/P Ref IF INV Elt 278LH Wine Peony (2S) 21748,,no.,84181090,Refrigerator
Refrigerator,W/P Ref IF INV ELT 355 Arc.St.3S 22031,,no.,84181090,Refrigerator
Refrigerator,W/P Ref IF INV ELT DF375 Omega St 3S 21936,,no.,84181090,Refrigerator
Refrigerator,W/P Ref IFPRO INV CNV 278 Arctic Steel 2S 21884,,no.,84181090,Refrigerator
Refrigerator,W/P Ref Neo 258LH Cl Pl Sap Viola 21706,,no.,84181090,Refrigerator
Refrigerator,W/P Ref Neo 278LH Cl Pl Athena Steel 21667,,no.,84181090,Refrigerator
Refrigerator,W/P Ref Neo 278LH Cl Pl Midnight Athenal 1S 21741,,no.,84181090,Refrigerator
Refrigerator,W/P Ref Neo DF278 Pr Indigo Steel 2S 21871,,no.,84181090,Refrigerator
Refrigerator,W/P Ref Neo DF305 Pr Indigo Steel 2S 21867,,no.,84181090,Refrigerator
V-Guard Industries Ltd,Cooler Stand,,no.,84796000,V-Guard Industries Ltd
V-Guard Industries Ltd,V-Guard Air Cooler Airotron D115 H-G,,no.,,V-Guard Industries Ltd
V-Guard Industries Ltd,V-Guard Air Cooler Airotron D50 H-G,,no.,84796000,V-Guard Industries Ltd
V-Guard Industries Ltd,V-Guard Air Cooler Airotron D50 W,,no.,,V-Guard Industries Ltd
V-Guard Industries Ltd,V-Guard Air Cooler Airotron D50 W-G,,no.,84796000,V-Guard Industries Ltd
V-Guard Industries Ltd,V-Guard Air Cooler Airotron D75 H,,no.,84796000,V-Guard Industries Ltd
V-Guard Industries Ltd,V-Guard Air Cooler Airotron D75 H-G,,no.,84796000,V-Guard Industries Ltd
V-Guard Industries Ltd,V-Guard Air Cooler Airotron D75 W-G,,no.,84796000,V-Guard Industries Ltd
V-Guard Industries Ltd,V-Guard Air Cooler Airotron D90 H-G,,no.,84796000,V-Guard Industries Ltd
V-Guard Industries Ltd,V-Guard Air Cooler Airotron D90 W-G,,no.,84796000,V-Guard Industries Ltd
V-Guard Industries Ltd,V-Guard Air Cooler Airotron P15,,no.,,V-Guard Industries Ltd
V-Guard Industries Ltd,V-Guard Air Cooler Airotron P15 H-G,,no.,84796000,V-Guard Industries Ltd
V-Guard Industries Ltd,V-Guard Air Cooler Airotron P26 H-G,,no.,84796000,V-Guard Industries Ltd
V-Guard Industries Ltd,V-Guard Air Cooler Airotron P33 H-,,no.,,V-Guard Industries Ltd
V-Guard Industries Ltd,V-Guard Air Cooler Airotron P33 H-G,,no.,84796000,V-Guard Industries Ltd
V-Guard Industries Ltd,V-Guard Air Cooler Airotron W50 W-G,,no.,84796000,V-Guard Industries Ltd
V-Guard Industries Ltd,V-Guard Air Cooler Airotron W50 WT,,no.,,V-Guard Industries Ltd
V-Guard Industries Ltd,V-Guard Air Cooler Tidal D110 EX,,no.,84796000,V-Guard Industries Ltd
Voltas,0-VC DC Inv ODU 10HP VVC-280WV2GN1-IN,,no.,,ODU
Voltas,1-4 Way Csst 1.6TR VDVD56Q4/N1-E(B),,no.,,IDU
Voltas,1-M9 Wall Mounted 1.29TRVDV-D45G/N1-M,,no.,,IDU
Voltas,2-4 Way Csst 2.57TR VDV-D90Q4/N1-E(B),,no.,,IDU
Voltas,2-M9 Wall Mounted 1.57TRVDV-D56G/N1-M,,no.,,IDU
Voltas,5-4 Way Csst 2.03TR VDV-D71Q4/N1-E(B),,no.,,IDU
Voltas,5-VC DC Inv ODU 18HP VVC-500WV2GN1-IN,,no.,,ODU
Voltas,7-4 Way Csst 1.03TR VDV-D36Q4/N1-A3(B),,no.,,IDU
Voltas,8-4 Way Csst 1.29TR VDV-D45Q4/N1-A3(B),,no.,,IDU
Voltas,Dainkin Tower A.C.FVRN100AXV16+RR100DGXY16,,no.,84151010,Air Conditioner
Voltas,Gen Ductable 5.0T AOG60FMAYT,,no.,84158390,Air Conditioner
Voltas,Gen Ductable 5.0T ARG60FUAK,,no.,84158390,Air Conditioner
Voltas,General WAC AC Model 22BBAA,,no.,,2.0 Ton Window
Voltas,Gen SAC 1.5T AOGA18BMAA-B (OD) 3S,,no.,84151010,Air Conditioner
Voltas,Gen SAC 1.5T AOGA18BMWA (OD),,no.,84151010,Air Conditioner
Voltas,Gen SAC 1.5T ASGA18BMAA-B (ID) 3S,,no.,84151010,Air Conditioner
Voltas,Gen SAC 1.5T ASGA18BMWA(ID),,no.,84151010,Air Conditioner
Voltas,Gen SAC 2.0T AOGG24CPAA-B (OD) Inv 3S,,no.,84151010,Air Conditioner
Voltas,Gen SAC 2.0T ASGA24BMAA-B (ID) 3S,,no.,,Split Type
Voltas,Gen SAC 2.0T ASGG24CPAA-B (ID) Inv 3S,,no.,84151010,Air Conditioner
Voltas,Gen WAC 1.5T AXGB18BBAA-B 3S,,no.,,Window Type
Voltas,Gen WAC 1.5T AXGB18CHAA-B Inv 5 S,,no.,84151090,Air Conditioner
Voltas,Voltas 3-4 Way Csst 4T VDV-D140Q4/N1-E(B),,no.,,IDU
Voltas,Voltas 6-4 Way Csst 0.8T VDV-D28Q4/N1-A3(B),,no.,,IDU
Voltas,Voltas 8-4 Way Csst 3.2T VDV-D112Q4/N1-E(B),,no.,,IDU
Voltas,Voltas A.C.1.0T Split 123 CZR,,no.,,1.0 Ton Split
Voltas,Voltas A.C.1.0T Split 123V CZTT Inverter,,no.,,1.0T Inverter Split
Voltas,Voltas A.C.1.0T Split 123V Vectra Elegant,,no.,,1.0T Inverter Split
Voltas,Voltas A.C.1.0T Split 123V Vectra Elite,,no.,,1.0T Inverter Split
Voltas,Voltas A.C.1.0T Split 123V Vectra Elite (ID),,no.,,1.0T Inverter Split
Voltas,Voltas A.C.1.0T Split 125V DAZP Adj 4 Step,,no.,,1.0T Inverter Split
Voltas,Voltas A.C.1.0T Split 125V Vectra Elite,,no.,,1.0T Inverter Split
Voltas,Voltas A.C.1.0T Window 123 Vectra Platina,,no.,,1.0 Ton Window
Voltas,Voltas A.C.1.5T Cassette 181 CZ2AA,,no.,84158290,1.5 Ton Split
Voltas,Voltas A.C.1.5T Split 183 DZAG,,no.,,1.5 Ton Split
Voltas,Voltas A.C.1.5T Split 183V CAZS (ID),,no.,,1.5T Inverter Split
Voltas,Voltas A.C.1.5T Split 183V CZAZ Adj 2 Step,,no.,,1.5T Inverter Split
Voltas,Voltas A C 1.5T Split 183 Vectra Elegant,,no.,,1.5 Ton Split
Voltas,Voltas A C 1.5T Split 183 Vectra Prism Non Inv,,no.,,1.5 Ton Split
Voltas,Voltas A.C.1.5T Split 183VH SZS H/C Inv,,no.,,1.5T Inverter Split
Voltas,Voltas A.C.1.5T Split 183V Vectra Platina,,no.,,1.5T Inverter Split
Voltas,Voltas A.C.1.5T Split 183V Vectra Platina (ID),,no.,,1.5T Inverter Split
Voltas,Voltas A C 1.5T Split 183V Vectra Prime,,no.,,1.5T Inverter Split
Voltas,Voltas A.C.1.5T Split 183V Vectra Prime (ID),,no.,,1.5T Inverter Split
Voltas,Voltas A.C.1.5T Split 183V Vectra Prism,,no.,84150010,1.5T Inverter Split
Voltas,Voltas A.C.1.5T Split 183V Vectra Prism (ID),,no.,,1.5T Inverter Split
Voltas,Voltas A.C.1.5T Split 183V Vertis Emerald,,no.,,1.5T Inverter Split
Voltas,Voltas A.C.1.5T Split 183V Vertis Platina,,no.,,1.5T Inverter Split
Voltas,Voltas A C 1.5T Split 183V XAZAF Inv,,no.,,1.5T Inverter Split
Voltas,Voltas A.C.1.5T Split 185V EAZQ (5 Step),,no.,,1.5T Inverter Split
Voltas,Voltas A.C.1.5T Split 185V Vectra Eden,,no.,,1.5T Inverter Split
Voltas,Voltas A C 1.5T Split 185V Vectra Eden (ID),,no.,,1.5T Inverter Split
Voltas,Voltas A.C.1.5T Split 185V Vectra Elegant,,no.,,1.5T Inverter Split
Voltas,Voltas A.C.1.5T Split 185V Vectra Elite,,no.,,1.5T Inverter Split
Voltas,Voltas A.C.1.5T Split 185V Vectra Prime,,no.,,1.5T Inverter Split
Voltas,Voltas A.C.1.5T Split 18H CZS,,no.,,1.5 Ton Split
Voltas,Voltas A C 1.5T Window 183 Vectra Pearl,,no.,,1.5 Ton Window
Voltas,Voltas A.C.1.5T Window 183 Vectra Prism,,no.,,1.5 Ton Window
Voltas,Voltas A.C.1.5T Window 184V ADA,,no.,,1.5 Ton Window
Voltas,Voltas A C 1.5T Window 185V Vertis Elite A,,no.,,1.5 Ton Window Inverter
Voltas,Voltas A.C.1.5T Window 18H CZP H/C,,no.,,1.5 Ton Window
Voltas,Voltas A.C.2.0T Cassette 241 CZ2AA,,no.,84158210,2.0 Ton Split
Voltas,Voltas.A.C.2.0T Split 243 Vectra Plus,,no.,,2.0 Ton Split
Voltas,Voltas A C 2.0T Split 243V Vectra Elegant,,no.,,2.0T Inverter Split
Voltas,Voltas A.C.2.0T Split 243V Vectra Elite,,no.,,2.0T Inverter Split
Voltas,Voltas A.C.2.0T Split 245V Vectra Plus,,no.,,2.0T Inverter Split
Voltas,Voltas A.C.2.0T Tower 241 CZ2MM,,no.,84158210,2.0 Ton Split
Voltas,Voltas A.C.2.0T Window 242 Vectra Plus,,no.,,2.0 Ton Window
Voltas,Voltas A.C.243V CZMM Cassette Inverter,,no.,,2.0T Inverter Split
Voltas,Voltas A.C.4.0T CAS 48 CZMM,,no.,,2.0 Ton Split
Voltas,Voltas A.C.Tower 241CZMM,,no.,84158210,2.0 Ton Split
Voltas,Voltas AquaM 155VMBWT Water Heater,,no.,,Gyeser
Voltas,Voltas CAS 361 CZAA,,no.,,2.0 Ton Split
Voltas,Voltas CAS 363V CZMM,,no.,,2.0 Ton Split
Voltas,Voltas CAS 481 CZAA,,no.,,2.0 Ton Split
Voltas,Voltas Cassette 241 CZ2MM,,no.,,2.0 Ton Split
Voltas,Voltas Cassette AC 241CZZAA,,no.,,2.0 Ton Split
Voltas,Voltas Cassette AC 242CZ2AA,,no.,84158210,2.0 Ton Split
Voltas,Voltas Cassette A.C.4.0T 48CZAA,,no.,84158210,2.0 Ton Split
Voltas,Voltas Chest Freezer 205 Conv PCM,,no.,,Chest Freezer
Voltas,Voltas Chest Freezer 320 DD Convertible PCM,,no.,,Chest Freezer
Voltas,Voltas Chest Freezer 320 DD-P,,no.,,Chest Freezer
Voltas,Voltas Chest Freezer 320 DD P BE,,no.,,Chest Freezer
Voltas,Voltas Chest Freezer 320 DD-P (Covertible),,no.,,Chest Freezer
Voltas,Voltas Chest Freezer 320ltr.DD P1,,no.,,Chest Freezer
Voltas,Voltas Chest Freezer 405 DD Conv PCM Grey,,no.,,Chest Freezer
Voltas,Voltas Chest Freezer 405ltr.DD,,no.,,Chest Freezer
Voltas,Voltas Chest Freezer 500 DD P BE,,no.,,Chest Freezer
Voltas,Voltas Chest Freezer 500ltr.DD,,no.,,Chest Freezer
Voltas,Voltas Chest Freezer 500ltr.DD Conv PCM,,no.,,Chest Freezer
Voltas,Voltas Chest Freezer CF500DA4-P-AL Non Convertible,,no.,,Chest Freezer
Voltas,Voltas Chest Freezer CF600TA4-P,,no.,,Chest Freezer
Voltas,Voltas Chest Freezer CVF120SA3-P-PL,,no.,,Chest Freezer
Voltas,Voltas Chest Freezer CVF205SA2-P-PL,,no.,,Chest Freezer
Voltas,Voltas Chest Freezer CVF320DA4-P-PL,,no.,,Chest Freezer
Voltas,Voltas Chest Freezer CVF320DA5-P,,no.,,Chest Freezer
Voltas,Voltas Chest Freezer CVF321DA5-W,,no.,,Chest Freezer
Voltas,Voltas Chest Freezer CVF360DS 5-W-PL,,no.,,Chest Freezer
Voltas,Voltas Chest Freezer CVF405DA4-P-AL,,no.,,Chest Freezer
Voltas,Voltas Chest Freezer CVF405 DD-P,,no.,,Chest Freezer
Voltas,Voltas Chest Freezer CVF460DA5W-AL-W1,,no.,,Chest Freezer
Voltas,Voltas Chest Freezer CVF 500 Da4-P1-Gw,,no.,,Chest Freezer
Voltas,Voltas Chest Freezer CVF500DA4-P-PL,,no.,,Chest Freezer
Voltas,Voltas Chest Freezer CVF 500 DD- P CONV,,no.,,Chest Freezer
Voltas,Voltas Chest Freezer CVF 500DD-P Convertible,,no.,,Chest Freezer
Voltas,Voltas Chest Freezer Glass Top 500 DD P BE,,no.,,Chest Freezer
Voltas,Voltas Chest Freezer GT220GA5-P1-G3(GT),,no.,,Chest Freezer
Voltas,Voltas Chest Freezer GT340GA-P-G3(GT),,no.,,Chest Freezer
Voltas,Voltas Chest Freezer GT440GA5-PL GLASS TOP,,no.,,Chest Freezer
Voltas,Voltas Chest Freezer GT520GA5-P-G3(GT),,no.,,Chest Freezer
Voltas,Voltas Chest Freezer HT320DDP Comv BE PCM Grey,,no.,,Chest Freezer
Voltas,Voltas Chest Freezer HT500DDP Conv BE PCM Grey,,no.,,Chest Freezer
Voltas,Voltas EU 183V CZAZ,,no.,,1.5T Inverter Split
Voltas,Voltas EU 183 Vectra Prism-1,,no.,,1.5 Ton Split
Voltas,Voltas EU 183V Vectra Platina (ID),,no.,,1.5T Inverter Split
Voltas,Voltas EU 183V Vectra Prime ID,,no.,,1.5T Inverter Split
Voltas,Voltas EU 183v Vectra Prism I/D,,no.,,1.5T Inverter Split
Voltas,Voltas EU 183V Vertis Elite,,no.,,1.5T Inverter Split
Voltas,Voltas EU 183V Vertis Emerald-1 (ID),,no.,,1.5T Inverter Split
Voltas,Voltas EU 243 Vectra Plus,,no.,,2.0 Ton Split
Voltas,Voltas FAC 481 CZMM,,no.,,2.0 Ton Split
Voltas,Voltas Free Match IDU Cap 12K,,no.,84158310,IDU
Voltas,Voltas Free Match IDU Cap 18K,,no.,84158310,IDU
Voltas,Voltas Free Match IDU Cap 24K,,no.,84158310,IDU
Voltas,Voltas Free Match ODU H/C 3.7 HP,,no.,84158210,ODU
Voltas,Voltas Free Match ODU H/C 4.3 HP,,no.,84158210,ODU
Voltas,Voltas SAC 123 Vectra Elegant Fix Sp,,no.,,1.0 Ton Split
Voltas,Voltas SAC 123V Vectra Elegant,,no.,,1.0T Inverter Split
Voltas,Voltas SAC 123V Vectra Elite,,no.,,1.0T Inverter Split
Voltas,Voltas SAC 123V Vectra Elite-1,,no.,,1.0T Inverter Split
Voltas,Voltas SAC 125V DAZP,,no.,,1.0T Inverter Split
Voltas,Voltas SAC 125V Vectra Elite,,no.,,1.0T Inverter Split
Voltas,Voltas SAC 125V Vectra Elite-1,,no.,,1.0T Inverter Split
Voltas,Voltas SAC 181H Vectra Platina HC,,no.,,1.5 Ton Split
Voltas,Voltas SAC 183 Vectra Elegant Fix Sp,,no.,,1.5 Ton Split
Voltas,Voltas SAC 183 Vectra Prism-1 Fix Speed,,no.,,1.5 Ton Split
Voltas,Voltas SAC 183 Vectra Prism Non Inv,,no.,,1.5 Ton Split
Voltas,Voltas SAC 183 Venus Plus Fix Speed,,no.,,1.5 Ton Split
Voltas,Voltas SAC 183V H SZS Hot & Cold,,no.,,1.5T Inverter Split
Voltas,Voltas SAC 183VH Vectra Platina HC,,no.,84158190,1.5T Inverter Split
Voltas,Voltas SAC 183VH Vertis Prism Hot/Cold,,no.,,1.5T Inverter Split
Voltas,Voltas SAC 183V Vectra Magnum,,no.,,1.5T Inverter Split
Voltas,Voltas SAC 183V Vectra Platina,,no.,,1.5T Inverter Split
Voltas,Voltas SAC 183V Vectra Pride,,no.,,1.5T Inverter Split
Voltas,Voltas SAC 183V Vectra Prime,,no.,,1.5T Inverter Split
Voltas,Voltas SAC 183V Vectra Prism,,no.,84151010,1.5T Inverter Split
Voltas,Voltas SAC 183V Vectra Pristine,,no.,,1.5T Inverter Split
Voltas,Voltas SAC 183V Vectra Zen Silver,,no.,,1.5T Inverter Split
Voltas,Voltas SAC 183V Vertis Aura RG,,no.,,1.5T Inverter Split
Voltas,Voltas SAC 183V Vertis Elite,,no.,,1.5T Inverter Split
Voltas,Voltas SAC 183V Vertis Emerald,,no.,,1.5T Inverter Split
Voltas,Voltas SAC 183V Vertis Emerald-1,,no.,,1.5T Inverter Split
Voltas,Voltas SAC 183V Vertis Emerald-2,,no.,,1.5T Inverter Split
Voltas,Voltas SAC 183V Vertis Evora RG,,no.,,1.5T Inverter Split
Voltas,Voltas SAC 183V Vertis Platina,,no.,,1.5T Inverter Split
Voltas,Voltas SAC 183V Vertis Platina-1 (4503753),,no.,,1.5T Inverter Split
Voltas,Voltas SAC 183V Vertis Zephyr Gold,,no.,,1.5T Inverter Split
Voltas,Voltas SAC 185V Vectra Eden,,no.,,1.5T Inverter Split
Voltas,Voltas SAC 185V Vectra Elegant,,no.,,1.5T Inverter Split
Voltas,Voltas SAC 185V Vectra Elite,,no.,,1.5T Inverter Split
Voltas,Voltas SAC 185V Vectra Elite-1,,no.,,1.5T Inverter Split
Voltas,Voltas SAC 185V Vectra Prime,,no.,,1.5T Inverter Split
Voltas,Voltas SAC 185V Vectra Prism,,no.,,1.5T Inverter Split
Voltas,Voltas SAC 185V Venus Luxe,,no.,,1.5T Inverter Split
Voltas,Voltas SAC 185V Venus Plus,,no.,,1.5T Inverter Split
Voltas,Voltas SAC 185V Vertis Emerald,,no.,,1.5T Inverter Split
Voltas,Voltas SAC 185V Vertis Smart Elite Gold,,no.,,1.5T Inverter Split
Voltas,Voltas SAC 243 Vectra Plus Fix Speed,,no.,,2.0 Ton Split
Voltas,Voltas SAC 243VH Vertis Elegant,,no.,,2.0T Inverter Split
Voltas,Voltas SAC 243V Vectra Elegant,,no.,,2.0T Inverter Split
Voltas,Voltas SAC 243V Vectra Elite,,no.,,2.0T Inverter Split
Voltas,Voltas SAC 243V Vectra Plus,,no.,,2.0T Inverter Split
Voltas,Voltas SAC 243V Venus Plus,,no.,,2.0T Inverter Split
Voltas,Voltas SAC 245V Vectra Plus,,no.,,2.0T Inverter Split
Voltas,Voltas SAC 245V Vectra Plus (I/D),,no.,,2.0T Inverter Split
Voltas,Voltas SAC 245V Vectra Pluto,,no.,,2.0T Inverter Split
Voltas,Voltas SAC 303V Vectra Plus,,no.,84158210,2.0T Inverter Split
Voltas,Voltas Split AC 1.5 Ton,,no.,,1.5 Ton Split
Voltas,Voltas Tower AC 241CZ2MM,,no.,,2.0 Ton Split
Voltas,Voltas Visi Cooler 425 Metalic-NVL-VL,,no.,,Visi Cooler
Voltas,Voltas Visi Cooler GT220 SD P Met FGLS,,no.,,Visi Cooler
Voltas,Voltas Visi Cooler GT320 SD P Met FGLS,,no.,,Visi Cooler
Voltas,Voltas Visi Cooler GT450 SD P Met Grey,,no.,,Visi Cooler
Voltas,Voltas Visi Cooler GT450 SF P,,no.,,Visi Cooler
Voltas,Voltas Visi Cooler GT50 MiniBar V,,no.,84184090,Visi Cooler
Voltas,Voltas Visi Cooler GT550 DD P Metallic Grey,,no.,,Visi Cooler
Voltas,Voltas WAC 123 Vectra Platina,,no.,84151090,1.0 Ton Window
Voltas,Voltas WAC 183 Vectra Elite,,no.,,1.5 Ton Window
Voltas,Voltas WAC 183 Vectra Pearl,,no.,84151090,1.5 Ton Window
Voltas,Voltas WAC 183 Vectra Prism,,no.,,1.5 Ton Window
Voltas,Voltas WAC 183 Vectra Prism-1,,no.,,1.5 Ton Window
Voltas,Voltas WAC 183V Vertis Elite,,no.,,1.5 Ton Window Inverter
Voltas,Voltas WAC 183V Vertis Elite(Inverter),,no.,,1.5 Ton Window Inverter
Voltas,Voltas WAC 183V Vertis Pearl,,no.,,1.5 Ton Window Inverter
Voltas,Voltas WAC 185V Vertis Elite-1,,no.,,1.5 Ton Window Inverter
Voltas,Voltas WAC 185V Vertis Elite A,,no.,,1.5 Ton Window Inverter
Voltas,Voltas WAC 185V Vertis Topaz,,no.,,1.5 Ton Window Inverter
Voltas,Voltas WAC 242 Vectra Plus,,no.,,2.0 Ton Window
Voltas,Voltas Wall Mounted 1.03TRVDV-D36G/N1-M,,no.,,IDU
Voltas,Voltas Water Cooler 120/150 FSS,,no.,,Water Cooler
Voltas,Voltas Water Cooler 120/150 PSS,,no.,,Water Cooler
Voltas,Voltas Water Cooler 150/150 FSS,,no.,,Water Cooler
Voltas,Voltas Water Cooler 150/150 PSS,,no.,,Water Cooler
Voltas,Voltas Water Cooler 15/15 FS,,no.,,Water Cooler
Voltas,Voltas Water Cooler 15/15 PS,,no.,,Water Cooler
Voltas,Voltas Water Cooler 15/20 FSS,,no.,,Water Cooler
Voltas,Voltas Water Cooler 15/20 PSS,,no.,,Water Cooler
Voltas,Voltas Water Cooler 15/40 FSS,,no.,,Water Cooler
Voltas,Voltas Water Cooler 15/40 PSS,,no.,,Water Cooler
Voltas,Voltas Water Cooler 20/20 FSS,,no.,,Water Cooler
Voltas,Voltas Water Cooler 20/20 PSS,,no.,,Water Cooler
Voltas,Voltas Water Cooler 20/40 FSS,,no.,,Water Cooler
Voltas,Voltas Water Cooler 20/40 PSS,,no.,,Water Cooler
Voltas,Voltas Water Cooler 30/40 FSS,,no.,,Water Cooler
Voltas,Voltas Water Cooler 30/40 PSS,,no.,,Water Cooler
Voltas,Voltas Water Cooler 40/40 FSS,,no.,,Water Cooler
Voltas,Voltas Water Cooler 40/40 PSS,,no.,,Water Cooler
Voltas,Voltas Water Cooler 40/80 FSS,,no.,,Water Cooler
Voltas,Voltas Water Cooler 40/80 PSS,,no.,,Water Cooler
Voltas,Voltas Water Cooler 60/120 FSS,,no.,,Water Cooler
Voltas,Voltas Water Cooler 60/120 PSS,,no.,,Water Cooler
Voltas,Voltas Water Cooler 60/80 FSS,,no.,,Water Cooler
Voltas,Voltas Water Cooler 60/80 PSS,,no.,,Water Cooler
Voltas,Voltas Water Dispenser Minimagic Pure F,,no.,,Water Dispenser
Voltas,Voltas Water Dispenser Minimagic Pure R,,no.,,Water Dispenser
Voltas,Voltas Water Dispenser Pure F W/O Cabinet,,no.,,Water Dispenser
Voltas,Voltas Water Dispenser Pure T,,no.,,Water Dispenser
Voltas,Voltas Water Dispenser Spring F V Plus F M,,no.,,Water Dispenser
Voltas,Voltas Water Dispenser Spring R V Plus,,no.,,Water Dispenser
Voltas,Voltas Water Dispenser Spring R V Plus Gry,,no.,,Water Dispenser
Voltas,Voltas Water Heater AquaM 155VMBWT,,no.,,Gyeser
Voltas Outdoor Unit,Gen SAC 2.0T AOGA24BMAA-B (OD) 3S,,no.,,Voltas Outdoor Unit
Voltas Outdoor Unit,Voltas A.C.1.0T Split 123V Vectra Elite (OD),,no.,,Voltas Outdoor Unit
Voltas Outdoor Unit,Voltas A.C.1.5T Split 183V CAZS (OD),,no.,,Voltas Outdoor Unit
Voltas Outdoor Unit,Voltas A.C.1.5T Split 183V CZQ (OD),,no.,,Voltas Outdoor Unit
Voltas Outdoor Unit,Voltas A.C.1.5T Split 183V CZS Inv (OD),,no.,,Voltas Outdoor Unit
Voltas Outdoor Unit,Voltas A.C.1.5T Split 183V Vectra Prime (OD),,no.,,Voltas Outdoor Unit
Voltas Outdoor Unit,Voltas A.C.1.5T Split 183V Vectra Prism (OD),,no.,,Voltas Outdoor Unit
Voltas Outdoor Unit,Voltas A.C.1.5T Split 183V XAZR (OD),,no.,,Voltas Outdoor Unit
Voltas Outdoor Unit,Voltas A C 1.5T Split 183V XAZX Inv (OD),,no.,,Voltas Outdoor Unit
Voltas Outdoor Unit,Voltas A C 1.5T Split 185V Vectra Eden (OD),,no.,,Voltas Outdoor Unit
Voltas Outdoor Unit,Voltas CU 183V CAZP,,no.,,Voltas Outdoor Unit
Voltas Outdoor Unit,Voltas CU 183 Vectra Prism-1 (FS),,no.,,Voltas Outdoor Unit
Voltas Outdoor Unit,Voltas CU 183V Vectra Platina (OD),,no.,,Voltas Outdoor Unit
Voltas Outdoor Unit,Voltas CU 183V Vectra Prime OD,,no.,,Voltas Outdoor Unit
Voltas Outdoor Unit,Voltas CU 183V Vectra Prism,,no.,,Voltas Outdoor Unit
Voltas Outdoor Unit,Voltas CU 183V Vertis Elite (Outdoor),,no.,,Voltas Outdoor Unit
Voltas Outdoor Unit,Voltas CU 183V Vertis Emerald-1 (OD),,no.,,Voltas Outdoor Unit
Voltas Outdoor Unit,Voltas CU 243 Vectra Plus,,no.,,Voltas Outdoor Unit
Voltas Outdoor Unit,Voltas SAC 245V Vectra Plus(O/D),,no.,,Voltas Outdoor Unit
Water Purifier,Havells Water Purifier Active,,no.,84212120,Water Purifier
Whirlpool,W/P FLT XO7012BYS 33012,,no.,,Automatic
Whirlpool,W/P FLT XO8014BYS 33015,,no.,,Automatic
Whirlpool,W/P FLT XO9012BZV 33027,,no.,,Automatic
Whirlpool,W/P FLT XS7012BYS 33010,,no.,,Automatic
Whirlpool,W/P MW Magicook Pro 20SE Black 50047,,no.,85165000,Whirlpool Microwave
Whirlpool,W/P MW Magicook Pro 22CE Black 50051,,no.,,Whirlpool Microwave
Whirlpool,W/P MW Magicook Pro 25SE Black 50048,,no.,,Whirlpool Microwave
Whirlpool,W/P MW Magicook Pro 26CE Black 50052,,no.,,Whirlpool Microwave
Whirlpool,W/P MW Magicook Pro 31CES Rotisserie 50057,,no.,,Whirlpool Microwave
Whirlpool,W/P Ref 200 Gen Cl Pl 1S Grey 72860,,no.,,Direct Cool
Whirlpool,W/P Ref 200 Gen Cl Pl 1S Grey 73535,,no.,,Direct Cool
Whirlpool,W/P Ref 200 Gen Cl Pl 1S W.Har.73144,,no.,,Direct Cool
Whirlpool,W/P Ref 200 Gen Cl Pl 1S Wine 72492,,no.,,Direct Cool
Whirlpool,W/P Ref 200 Gen Cl Pl 1S Wine 73534,,no.,,Direct Cool
Whirlpool,W/P Ref 200 IMPC Pr 1S P.Gloria 72494,,no.,,Direct Cool
Whirlpool,W/P Ref 200 IMPC Pr 1S S.Gloria 72476,,no.,,Direct Cool
Whirlpool,W/P Ref 200 IMPC Pr 1S S.Gloria 73531,,no.,,Direct Cool
Whirlpool,W/P Ref 200 IMPC Pr 1S S Spring 73503,,no.,,Direct Cool
Whirlpool,W/P Ref 200 IMPC Pr 1S W Gloria 72477,,no.,,Direct Cool
Whirlpool,W/P Ref 200 IMPC Pr 1S W Gloria 73532,,no.,,Direct Cool
Whirlpool,W/P Ref 200 IMPC Pr 1S W.Rosely 73417,,no.,,Direct Cool
Whirlpool,W/P Ref 200 IMPC Pr 2S W.Rosely 73498,,no.,,Direct Cool
Whirlpool,W/P Ref 200 IMPC Pr 2S W Spring 73513,,no.,,Direct Cool
Whirlpool,W/P Ref 205 IMPC Pr 1S S.Rosely 73199,,no.,,Direct Cool
Whirlpool,W/P Ref 205 IMPC Pr 1S W.Rosely 73198,,no.,,Direct Cool
Whirlpool,W/P Ref 205 IMPC Pr 1S W.Spring 73360,,no.,,Direct Cool
Whirlpool,W/P Ref 205 IMPC Pr 2S S.Belita 73212,,no.,,Direct Cool
Whirlpool,W/P Ref 205 IMPC Pr 2S Titan Stl,,no.,,Direct Cool
Whirlpool,W/P Ref 205 IMPC Pr 2S Titan Stl 73191,,no.,,Direct Cool
Whirlpool,W/P Ref 205 IMPC Pr 2S W.Belita 73213,,no.,,Direct Cool
Whirlpool,W/P Ref 205 IMPC Pr 2S W Spring 73508,,no.,,Direct Cool
Whirlpool,W/P Ref 205 IMPC Pr 3S Lumina Steel 72511,,no.,,Direct Cool
Whirlpool,W/P Ref 205 IMPC Pr 3S Sap Serena 73217,,no.,,Direct Cool
Whirlpool,W/P Ref 205 IMPC Pr 3S Wine Serena 73216,,no.,,Direct Cool
Whirlpool,W/P Ref 205 IMPC Roy 2S S.Belita 73214,,no.,,Direct Cool
Whirlpool,W/P Ref 205 IMPC Roy 2S W Belita 73215,,no.,,Direct Cool
Whirlpool,W/P Ref 215 IMPC Pr 2S S.Mulia 73185,,no.,,Direct Cool
Whirlpool,W/P Ref 215 IMPC Pr 2S Wine Bloom 72528,,no.,,Direct Cool
Whirlpool,W/P Ref 215 IMPC Pr 2S W.Mulia 72961,,no.,,Direct Cool
Whirlpool,W/P Ref 215 IMPC Pr 3S S.Enchant 73377,,no.,,Direct Cool
Whirlpool,W/P Ref 215 IMPC Pr 3S S Fl Rain 72536,,no.,,Direct Cool
Whirlpool,W/P Ref 215 IMPC Pr 3S S.Mulia 72816,,no.,,Direct Cool
Whirlpool,W/P Ref 215 IMPC Pr 3S W Enchant 73376,,no.,,Direct Cool
Whirlpool,W/P Ref 215 IMPC Pr 3S W Fl Rain 72535,,no.,,Direct Cool
Whirlpool,W/P Ref 215 IMPC Pr 3S W Mulia 72815,,no.,,Direct Cool
Whirlpool,W/P Ref 215 IMPC Pr 5S Inv S Enchant 73381,,no.,,Direct Cool
Whirlpool,W/P Ref 215 IMPC Pr 5S Inv W Enchant 73380,,no.,,Direct Cool
Whirlpool,W/P Ref 215 IMPC Roy 3S S Enchant 73379,,no.,,Direct Cool
Whirlpool,W/P Ref 215 IMPC Roy 3S S.Fl Rain 72540,,no.,,Direct Cool
Whirlpool,W/P Ref 215 IMPC Roy 3S W Fl Rain 72539,,no.,,Direct Cool
Whirlpool,W/P Ref 215 IMPC Roy 3S W Inchant 73378,,no.,,Direct Cool
Whirlpool,W/P Ref 215 IMPC Roy 3S W.Mulia 72817,,no.,,Direct Cool
Whirlpool,W/P Ref 215 IMPRO GD Pr 3S N.Bl.73220,,no.,,Direct Cool
Whirlpool,W/P Ref 215 IMPRO GD Pr 3S Silvia 73221,,no.,,Direct Cool
Whirlpool,W/P Ref 215 IMPRO GD Pr 5S Inv G.Dust 73273,,no.,,Direct Cool
Whirlpool,W/P Ref 215 IMPRO Pr 3S C.Illusia 72568,,no.,,Direct Cool
Whirlpool,W/P Ref 215 IMPRO Pr 3S Neo Dutch 73050,,no.,,Direct Cool
Whirlpool,W/P Ref 215 IMPRO Pr 3S P.Peony 72884,,no.,,Direct Cool
Whirlpool,W/P Ref 215 IMPRO Pr 3S S.Forest 72467,,no.,,Direct Cool
Whirlpool,W/P Ref 215 IMPRO Pr 3S S.Peony 72883,,no.,,Direct Cool
Whirlpool,W/P Ref 215 IMPRO Pr 3S W For 72466,,no.,,Direct Cool
Whirlpool,W/P Ref 215 IMPRO Pr 3S W.Peony 72882,,no.,,Direct Cool
Whirlpool,W/P Ref 215 IMPRO Pr 5S Inv Cool Ill.72590,,no.,,Direct Cool
Whirlpool,W/P Ref 215 IMPRO Pr 5S Inv Neo Dutch 73106,,no.,,Direct Cool
Whirlpool,W/P Ref 215 IMPRO Pr 5S Inv S.Silk 73161,,no.,,Direct Cool
Whirlpool,W/P Ref 215 IMPRO Pr 5S Inv W.Silk 73160,,no.,,Direct Cool
Whirlpool,W/P Ref 215 IMPRO Roy 3S Cool Illu 72572,,no.,,Direct Cool
Whirlpool,W/P Ref 215 IMPRO Roy 3S S.Peony 72886,,no.,,Direct Cool
Whirlpool,W/P Ref 215 IMPRO Roy 3S W.Peony 72885,,no.,,Direct Cool
Whirlpool,W/P Ref 215 IMPRO Roy 5S Inv Neo Dutch 73107,,no.,,Direct Cool
Whirlpool,W/P Ref 215 VMPRO Pr 3S Alpha St 73131,,no.,,Direct Cool
Whirlpool,W/P Ref 215 VMPRO Pr 3S Aura Steel 73490,,no.,,Direct Cool
Whirlpool,W/P Ref 215 VMPRO Pr 3S S Silk 73429,,no.,,Direct Cool
Whirlpool,W/P Ref 215 VMPRO Pr 3S W Dafne 73129,,no.,,Direct Cool
Whirlpool,W/P Ref 215 VMPRO Pr 3S W Silk 73428,,no.,,Direct Cool
Whirlpool,W/P Ref 230 IMPRO GD Pr 3S Cry Bl 73306,,no.,,Direct Cool
Whirlpool,W/P Ref 230 IMPRO GD Pr 3S G Dust 73248,,no.,,Direct Cool
Whirlpool,W/P Ref 230 IMPRO Pr 3S A Steel 72615,,no.,,Direct Cool
Whirlpool,W/P Ref 230 IMPRO Pr 3S S.Mulia 72613,,no.,,Direct Cool
Whirlpool,W/P Ref 230 IMPRO Pr 3S S Peony 72948,,no.,,Direct Cool
Whirlpool,W/P Ref 230 IMPRO Pr 3S W.Mulia 72612,,no.,,Direct Cool
Whirlpool,W/P Ref 230 IMPRO Pr 3S W Peony 72947,,no.,,Direct Cool
Whirlpool,W/P Ref 230 IMPRO Roy 3S S Mulia 72617,,no.,,Direct Cool
Whirlpool,W/P Ref 230 IMPRO Roy 3S W Mulia 72616,,no.,,Direct Cool
Whirlpool,W/P Ref 260 IMPRO Pl Pr 4S S.Breeze 73149,,no.,,Direct Cool
Whirlpool,W/P Ref 260 IMPRO Pl Pr 4S W.Bre 73148,,no.,,Direct Cool
Whirlpool,W/P Ref 260 IMPRO Pl Pr 5S Inv B Breeze 73153,,no.,,Direct Cool
Whirlpool,W/P Ref 260 IMPRO Pl Pr 5S Inv W Breeze 73152,,no.,,Direct Cool
Whirlpool,W/P Ref 260 IMPRO Pl Roy 4S S Breeze 73151,,no.,,Direct Cool
Whirlpool,W/P Ref 260 IMPRO Pl Roy 4S W Breeze 73150,,no.,,Direct Cool
Whirlpool,W/P Ref 260 IMPRO Pr 3S Al.St. 73115,,no.,,Direct Cool
Whirlpool,W/P Ref 260 IMPRO Pr 3S S.Breeze 73157,,no.,,Direct Cool
Whirlpool,W/P Ref 260 IMPRO Pr 3S W.Breeze 73156,,no.,,Direct Cool
Whirlpool,W/P Ref 260 IMPRO Pr 4S Al.St.73076,,no.,,Direct Cool
Whirlpool,W/P Ref 260 IMPRO Roy 3S Alpha Steel,,no.,,Direct Cool
Whirlpool,W/P Ref 260 IMPRO Roy 3S Al.St. 73116,,no.,,Direct Cool
Whirlpool,W/P Ref 260 IMPRO Roy 3S S Breeze 73159,,no.,,Direct Cool
Whirlpool,W/P Ref 260 IMPRO Roy 3S W.Breeze 73158,,no.,,Direct Cool
Whirlpool,W/P Ref 305 IMPRO Pl Pr 3S Al.St 72670,,no.,,Direct Cool
Whirlpool,W/P Ref 305 IMPRO Pl Pr 3S S Fl 72669,,no.,,Direct Cool
Whirlpool,W/P Ref 305 IMPRO Pl Pr 3S W Fl 72668,,no.,,Direct Cool
Whirlpool,W/P Ref FP 263D Protton Roy Alpha St 20807,,no.,,Frost Free
Whirlpool,W/P Ref FP 263D Protton Roy Art.Steel 22197,,no.,,Frost Free
Whirlpool,W/P Ref FP 263D Protton Roy Cool Ill.21314,,no.,,Frost Free
Whirlpool,W/P Ref FP 263D Protton Roy S Stream 21446,,no.,,Frost Free
Whirlpool,W/P Ref FP 263D Protton Roy St.Ony 21145,,no.,,Frost Free
Whirlpool,W/P Ref FP 283D Protton Roy Al.St.20812,,no.,,Frost Free
Whirlpool,W/P Ref FP 283D Protton Roy W Stream 21447,,no.,,Frost Free
Whirlpool,W/P Ref FP 343D Protton Roy Al.St.20817,,no.,,Frost Free
Whirlpool,W/P Ref IF INV CNV 355GD Cavestone 3S 22213,,no.,,Frost Free
Whirlpool,W/P Ref IF INV CNV 455 Al.St.21690,,no.,,Frost Free
Whirlpool,W/P Ref IF INV CNV 455 St.Onyx 21857,,no.,,Frost Free
Whirlpool,W/P Ref IF INV CNV 480 A.St.2S 21692,,no.,,Frost Free
Whirlpool,W/P Ref IF INV CNV 515 Al St 2S 21695,,no.,,Frost Free
Whirlpool,W/P Ref IF INV CNV 515 St. Onyx 2S 21861,,no.,,Frost Free
Whirlpool,W/P Ref IF INV CNV Platina 455 Al.St. 2S 21691,,no.,,Frost Free
Whirlpool,W/P Ref IF INV CNV Platina 515 Al.St. 2S 21694,,no.,,Frost Free
Whirlpool,W/P Ref IF INV ELT 305GD Cry.Bl 2S 21677,,no.,,Frost Free
Whirlpool,W/P Ref IF INV ELT 305GD Cry.Mir.2S 21778,,no.,,Frost Free
Whirlpool,W/P Ref IF INV ELT DF305 Radiant St 3S 22112,,no.,,Frost Free
Whirlpool,W/P Ref IF INV ELT DF355 Al.St.2S 21820,,no.,84181090,Frost Free
Whirlpool,W/P Ref IF INV ELT DF375 Om.St 3S 21936,,no.,,Frost Free
Whirlpool,W/P Ref IFPRO BM INV CNV 340 Omega St 2S 21682,,no.,,Frost Free
Whirlpool,W/P Ref IFPRO BM INV CNV 370 St Onyx 3S 21832,,no.,,Frost Free
Whirlpool,W/P Ref IFPRO INV CNV 278 Bell Ep 2S 21759,,no.,,Frost Free
Whirlpool,W/P Ref IFPRO INV CNV 278 Ill.St.2S 21669,,no.,,Frost Free
Whirlpool,W/P Ref IFPRO INV CNV 278 W Silk 2S 22187,,no.,,Frost Free
Whirlpool,W/P Ref IFPRO INV CNV 355 Ill.St.2S 21686,,no.,,Frost Free
Whirlpool,W/P Ref IFPRO INV CNV 355 Tit St 3S 22209,,no.,,Frost Free
Whirlpool,W/P Ref IFPRO INV CNV 355 W.Str.2S 21809,,no.,,Frost Free
Whirlpool,W/P Ref IFPRO INV CNV 375 Ill.St.2S 21688,,no.,,Frost Free
Whirlpool,W/P Ref IFPRO INV CNV 375 Om.Bl.2S 21852,,no.,,Frost Free
Whirlpool,W/P Ref Neo 258LH Cl Pl Ath St 21662,,no.,,Frost Free
Whirlpool,W/P Ref Neo 258LH Cl Pl Ath St 2S 22078,,no.,,Frost Free
Whirlpool,W/P Ref Neo 258LH Cl Pl Mid Ath 1S 21705,,no.,,Frost Free
Whirlpool,W/P Ref Neo 258LH Cl Pl Pur Viola 2S 22086,,no.,,Frost Free
Whirlpool,W/P Ref Neo 258LH Cl Pl S Magnolia 2S 22085,,no.,,Frost Free
Whirlpool,W/P Ref Neo 258LH Cl Pl S Peony 2S 22077,,no.,,Frost Free
Whirlpool,W/P Ref Neo 258LH Cl Pl W Peony 2S 22076,,no.,,Frost Free
Whirlpool,W/P Ref Neo 278GD Pr Cry.Bl.2S 22052,,no.,,Frost Free
Whirlpool,W/P Ref Neo 278GD Pr Cry Mirror 2S 22053,,no.,,Frost Free
Whirlpool,W/P Ref Neo 278GD Pr Karigari 2S 22224,,no.,,Frost Free
Whirlpool,W/P Ref Neo 278GD Pr Skydive 2S 22055,,no.,84181090,Frost Free
Whirlpool,W/P Ref Neo 278GD Pr Swarna Ruby 2S 22223,,no.,,Frost Free
Whirlpool,W/P Ref Neo 278LH Pr S.Rose 2S 22130,,no.,,Frost Free
Whirlpool,W/P Ref Neo 278LH Pr W Rose 2S 22070,,no.,,Frost Free
Whirlpool,W/P Ref Neo DF305 Pr Ill.St.2S 22202,,no.,,Frost Free
Whirlpool,W/P Ref Neo DF305 Pr Titan St .2S 22203,,no.,,Frost Free
Whirlpool,W/P Ref Neo SP278 Pr Ath St 2S 22149,,no.,,Frost Free
Whirlpool,W/P Ref Neo SP278 Pr S Peony 2S 22132,,no.,,Frost Free
Whirlpool,WP SAC 3DCOOL 1.5T 3S INV EXP S5M2PB0 41484,,no.,,Whirlpool A.C.
Whirlpool,W/P W/M 360 BW Pro H 10 Grap.31688,,no.,,Automatic
Whirlpool,W/P W/M 360 BW Pro H 10 Inv Grap 31593,,no.,,Automatic
Whirlpool,W/P W/M 360 BW Pro H 8.5 Mid Grey 31671,,no.,,Automatic
Whirlpool,W/P W/M 360 BW Pro H 9.5 Grap 31331,,no.,,Automatic
Whirlpool,W/P W/M 360 BW Pro H 9 Mid Grey 31602,,no.,,Automatic
Whirlpool,W/P W/M Ace 7.0 Sup Coral Red 30330,,no.,,Semi Automatic
Whirlpool,W/P W/M Ace 7.0 Super Soak Wine,,no.,,Semi Automatic
Whirlpool,W/P W/M Ace 7.0 Sup Soak Grey 30299,,no.,,Semi Automatic
Whirlpool,W/P W/M Ace 7.0 Sup Soak Wine 30298,,no.,,Semi Automatic
Whirlpool,W/P W/M Ace 7.5 Sup Pl Coral Red 30346,,no.,,Semi Automatic
Whirlpool,W/P W/M Ace 7.5 Sup Soak,,no.,,Semi Automatic
Whirlpool,W/P W/M Ace 7.5 Sup Soak G Daz 30273,,no.,,Semi Automatic
Whirlpool,W/P W/M Ace 7.5 Sup Soak W Daz 30274,,no.,,Semi Automatic
Whirlpool,W/P W/M Ace 7.5 Trb Dry Max G Daz 30233,,no.,,Semi Automatic
Whirlpool,W/P W/M Ace 8.0 Sup Soak Cor Pur 30276,,no.,,Semi Automatic
Whirlpool,W/P W/M Ace 8.0 Sup Soak Cor Red 30275,,no.,,Semi Automatic
Whirlpool,W/P W/M Ace 8.5 Trb.Dry P.Daz.30308,,no.,,Semi Automatic
Whirlpool,W/P W/M Ace 8.5 Trb Dry Sil.Dazz 30310,,no.,,Semi Automatic
Whirlpool,W/P W/M Ace 8.5 Trb Dry W Daz 30309,,no.,,Semi Automatic
Whirlpool,W/P W/M Ace 8.5 Trb Dry Xtraa Grey 30352,,no.,,Semi Automatic
Whirlpool,W/P W/M Ace 8.5 Trb Dry Xtraa P.Dzl 30350,,no.,,Semi Automatic
Whirlpool,W/P W/M Ace 8.5 Trb Dry Xtraa W Dzl 30351,,no.,,Semi Automatic
Whirlpool,W/P W/M Ace XL 10.5 H Grap.Grey 30237,,no.,,Semi Automatic
Whirlpool,W/P W/M Ace XL 10 DMIX G Dazzle 30355,,no.,,Semi Automatic
Whirlpool,W/P W/M Ace XL 10 DMIX Grap Grey 30343,,no.,,Semi Automatic
Whirlpool,W/P W/M Ace XL 11.5 DMIX Grap Grey 30348,,no.,,Semi Automatic
Whirlpool,W/P W/M Ace XL 11 DMIX Grap Grey 30344,,no.,,Semi Automatic
Whirlpool,W/P W/M Ace XL 11 Graphite Grey 30220,,no.,,Semi Automatic
Whirlpool,W/P W/M Ace XL 12 DMIX Grap Grey 30349,,no.,,Semi Automatic
Whirlpool,W/P W/M Ace XL 9.5 DMIX G Daz 30354,,no.,,Semi Automatic
Whirlpool,W/P W/M Ace XL 9.5 Grey Dazz 30342,,no.,,Semi Automatic
Whirlpool,W/P W/M Classic 6.5 Genx Grey 31465,,no.,,Automatic
Whirlpool,W/P W/M Classic 6.5 Genx R.Wine 31466,,no.,,Automatic
Whirlpool,W/P W/M Classic 7.0 Genx Grey 31598,,no.,,Automatic
Whirlpool,W/P W/M Classic 7.0 Genx Rosewood Wine 31607,,no.,,Automatic
Whirlpool,W/P W/M Hydrowash Elite 9.0 Mid.Grey 30312,,no.,,Semi Automatic
Whirlpool,W/P W/M Hydrowash Pr 8.5 M.Daz 30341,,no.,,Semi Automatic
Whirlpool,W/P W/M Premier Genx 7.5 Grey 31599,,no.,,Automatic
Whirlpool,W/P W/M Stainwash Pro H 7.5 Grey 10YMW 31556,,no.,,Automatic
Whirlpool,W/P W/M SW Pro H 7.5 Grey 31631,,no.,,Automatic
Whirlpool,W/P W/M SW Pro H 8.0 Grey 31635,,no.,,Automatic
Whirlpool,W/P W/M SW Pro H 8.0 Vel.Rose 31634,,no.,,Automatic
Whirlpool,W/P W/M SW Pro Pl H 8.5 Mid Grey 31639,,no.,,Automatic
Whirlpool,W/P WM SW Pro Pl H 8.5 Sil Mint 31640,,no.,,Automatic
Whirlpool,W/P W/M Whitemagic Elite 7.0 Grey 31683,,no.,,Automatic
Whirlpool,W/P W/M Whitemagic Elite 7.5 Grey 31370,,no.,,Automatic
Whirlpool,W/P W/M Whitemagic Elite 7.5 Grey 31621,,no.,,Automatic
Whirlpool,W/P WM Whitemagic Elite 7 Rosewood Wine 31685,,no.,,Automatic
Whirlpool,W/P W/M Whitemagic Elite Plus 7.0 Grey 31592,,no.,,Automatic
